bids_name	cjv	cnr	efc	fber	fwhm_avg	fwhm_x	fwhm_y	fwhm_z	icvs_csf	icvs_gm	icvs_wm	inu_med	inu_range	qi_1	qi_2	rpve_csf	rpve_gm	rpve_wm	size_x	size_y	size_z	snr_csf	snr_gm	snr_total	snr_wm	snrd_csf	snrd_gm	snrd_total	snrd_wm	spacing_x	spacing_y	spacing_z	summary_bg_k	summary_bg_mad	summary_bg_mean	summary_bg_median	summary_bg_n	summary_bg_p05	summary_bg_p95	summary_bg_stdv	summary_csf_k	summary_csf_mad	summary_csf_mean	summary_csf_median	summary_csf_n	summary_csf_p05	summary_csf_p95	summary_csf_stdv	summary_gm_k	summary_gm_mad	summary_gm_mean	summary_gm_median	summary_gm_n	summary_gm_p05	summary_gm_p95	summary_gm_stdv	summary_wm_k	summary_wm_mad	summary_wm_mean	summary_wm_median	summary_wm_n	summary_wm_p05	summary_wm_p95	summary_wm_stdv	tpm_overlap_csf	tpm_overlap_gm	tpm_overlap_wm	wm2max
sub-ts001_ses-cfmri1_acq-fspgr_T1w	0.5092480243161094	1.9325409054882423	0.5287	-1.0	4.22449	3.93164	4.82826	3.91357	0.2821874965994222	0.37948162651364903	0.33833087688692876	0.6252220869064331	0.2220158010721206	0.0	0.001813474796494383	7.282948181261124	7.211114273566636	7.310325315255434	172	256	256	1.4851100301366322	4.471697118159407	5.292975146872203	9.92211829232057	30.09992295458561	65.98829263120693	65.56731468778615	100.6137284775659	1.0	1.0	1.0	20.5055	0.0	2.2993	0.0	3938600.0	0.0	15.0	6.2249	-0.8981	165.7538	317.4085	286.0	430586.51519880485	60.0	651.0	192.5781	-0.6033	94.7826	631.0742	627.0	579046.4606390398	401.0	888.0	140.2151	-0.4631	72.76	932.533	956.0	516255.0255360846	736.0	1051.0	96.3503	0.20360789168396218	0.5346626734966748	0.5567666006213068	0.6165420963600242
sub-ts001_ses-cfmri1_acq-mprage_T1w	0.5494727611940299	1.8442995558090252	0.6699	-1.0	4.132216605091841	4.103374938854949	4.386262434639597	3.907012441780978	0.2735556969614307	0.3770472039936359	0.3493970990449334	0.40489548444747925	0.06836201995611191	0.0	0.0014811169856798114	6.904072936705321	6.822209493944639	6.891624493580293	204	320	320	1.7093452332046815	5.725049943919931	6.372277551710937	11.682437478008197	35.19439998618116	77.74454273474745	73.67059289711877	108.07283597042769	0.800000011920929	0.800000011920929	0.800000011920929	484.6633	0.0	1.4195	0.0	7357574.0	0.0	11.0	5.7892	-0.9713	168.634	342.9496	311.0	819024.663374567	106.0	675.0	181.9409	-0.5141	82.9144	695.5367	687.0	1128877.8218014936	504.0	925.0	119.9989	-0.3622	64.3443	938.6006	955.0	1046093.5180950514	776.0	1046.0	81.7466	0.18622708491926868	0.5178849485368188	0.5500787480743612	0.6709123061523866
sub-ts001_ses-cfmri2_acq-fspgr_T1w	0.5134060606060605	1.928615822002738	0.5245	-1.0	4.28089	3.97529	4.89141	3.97597	0.28285268784001744	0.3797637515398014	0.33738356062018116	0.5896701812744141	0.19120697528123853	0.0	0.0007131471264104557	7.236257244749581	7.1630209043466655	7.2618348951097955	172	256	256	1.4934532015523856	4.478202462975977	5.185374863083855	9.584468924723202	30.419465651610363	66.96582014471115	66.60752255164152	102.43728185860309	1.0	1.0	1.0	21.0996	0.0	2.3001	0.0	4245861.0	0.0	15.0	6.0949	-0.919	163.4881	314.5715	283.0	434380.26731093635	62.0	644.0	189.4935	-0.6042	93.6772	626.6697	623.0	583207.7508917504	399.0	880.0	139.1182	-0.5064	75.7468	928.0691	953.0	518123.98307984474	725.0	1049.0	99.4316	0.20031195803687138	0.5349586611474663	0.5565930220695263	0.6291934281197676
sub-ts001_ses-cfmri2_acq-mprage_T1w	0.5566056818181817	1.8204481575690405	0.6633	-1.0	4.265091603111849	4.194812437492424	4.5611999320328245	4.039262439810299	0.27618848483841485	0.3760040859071824	0.3478074292544028	0.40258491039276123	0.0675241068005562	0.0	0.0008438611051900769	6.862334693476562	6.780429428697732	6.849397740638033	204	320	320	1.7318719301284426	5.76976055911753	6.454443755311083	11.861698776687279	16.774261195733715	36.96748008741316	34.93747395544538	51.07068058318927	0.800000011920929	0.800000011920929	0.800000011920929	1723.5856	0.0	1.6993	0.0	7339467.0	0.0	12.0	12.2636	-0.9428	166.8293	344.6433	314.0	831951.5264507688	105.0	677.0	181.3066	-0.5497	83.3887	699.3467	692.0	1132622.0693278408	507.0	927.0	119.9356	-0.3824	63.5552	939.9938	956.0	1047686.4082454732	780.0	1045.0	80.5955	0.1822549981527583	0.5150427218105672	0.550888345806786	0.6567940199774257
sub-ts001_ses-sdsu1_acq-mprage_T1w	0.49087748344370863	1.9071843083064568	0.5266	8838.2652	3.931626666666667	3.9983	4.18702	3.60956	0.27883460191808934	0.37836033649034323	0.34280506159156743	0.5100743174552917	0.1371659278869629	0.0	0.0028522510134504713	7.361676403252016	7.288141100287096	7.382341024071703	176	256	256	1.6753119731005668	4.972206780916279	6.0093152267412195	11.380426926206816	35.84113009435856	72.77831921300942	71.4995836846684	105.87930174663722	1.0	1.0	1.0	4591.5567	0.0	2.9139	0.0	3343999.0	0.0	13.0	5.9772	-0.9806	165.7555	353.0314	327.0	431042.8829763393	81.0	684.0	195.1873	-0.2755	86.6832	670.4716	664.0	584897.0290014604	451.0	926.0	133.5422	-0.2037	61.5618	945.4652	966.0	529933.089476169	771.0	1049.0	84.8825	0.20833498868847253	0.534271480268543	0.5552031977273032	0.49315217384682064
sub-ts001_ses-sdsu2_acq-mprage_T1w	0.4832629508196721	1.9377861050148706	0.5101	13746.2598	3.894666666666667	3.96699	4.13877	3.57824	0.27944177256115044	0.37843760292472256	0.342120624514127	0.5043450593948364	0.1340803682804108	0.0	0.0020547769722354713	7.3775794058742665	7.3066537072192865	7.400874194882802	176	256	256	1.6598108010152484	4.973367167746081	6.0549330443605065	11.531621164320189	43.891176818742295	89.12870875462393	87.73747513357993	130.1925398273736	1.0	1.0	1.0	4228.2502	0.0	1.8469	0.0	3977910.0	0.0	7.0	4.866	-0.9786	166.8853	351.3579	326.0	431060.451610344	77.0	683.0	196.4077	-0.3151	86.2152	668.7399	662.0	583769.1427732739	450.0	924.0	133.1089	-0.1979	61.18	947.5295	967.0	527747.4071132315	775.0	1051.0	83.8563	0.2062533541280727	0.5311669562371262	0.550647488709924	0.5004299619176136
sub-ts002_ses-cfmri1_acq-fspgr_T1w	0.5282613418530351	2.1615643631604238	0.5293	-1.0	4.3904700000000005	4.12258	4.87598	4.17285	0.28017929377862816	0.3836320165398676	0.3361886896815042	0.5827236175537109	0.18917414695024493	0.0	0.0019643098414579	7.8916229329014005	7.835995463007463	7.933592986630955	172	256	256	1.77081746643173	5.596052713686054	6.155221080012793	11.098793059920594	29.28988007569888	53.92000650299112	54.391529193603695	79.96470100212107	1.0	1.0	1.0	543.1827	0.0	2.9814	0.0	4475569.0	0.0	17.0	7.8733	-0.7067	161.0636	366.5479	352.0	394922.24103193986	75.0	696.0	198.778	-0.7572	93.8027	651.9389	648.0	540742.3712875509	466.0	849.0	115.7958	-0.539	71.5431	943.2679	961.0	473869.38894746586	774.0	1057.0	86.5859	0.19226642548955983	0.5358462493935621	0.5478652503822637	0.601692574923004
sub-ts002_ses-cfmri1_acq-mprage_T1w	0.5749815686274511	1.8523951698998413	0.6733	10851.4576	3.826458276314662	3.7717749437961734	4.002874940352515	3.7047249447952963	0.26966746154412435	0.380784872107482	0.34954766634839374	0.4598783254623413	0.07323932945728301	0.0	0.0008346359019496539	7.445457173745834	7.368484769880102	7.444835210528017	204	320	320	1.8415471189956305	6.3378763928997275	6.644260346272488	11.753357526922105	33.242284510127405	63.75979160139191	61.307491924415295	86.92039966172658	0.800000011920929	0.800000011920929	0.800000011920929	134.2914	0.0	2.0434	0.0	7125010.0	0.0	14.0	7.2131	-0.5768	175.2411	385.4842	366.0	748168.1027816052	103.0	724.0	198.7458	-0.4941	82.6735	707.858	702.0	1056453.3581519092	532.0	914.0	110.7626	0.0456	63.9468	943.3712	957.0	969788.5420292874	784.0	1054.0	81.4235	0.18500116798371036	0.5331756264078753	0.5486990302384187	0.6476147336544011
sub-ts002_ses-cfmri2_acq-fspgr_T1w	0.4965923753665689	2.290784447114016	0.5496	-1.0	4.15387	3.89794	4.64434	3.91933	0.28121897454647904	0.385809874819324	0.33297115063419697	0.5543103218078613	0.15721459835767743	0.0	0.0012153516825971983	7.843075008040804	7.794328295809319	7.897008674262567	172	256	256	1.6654481707572233	5.234775969606861	5.920669646047455	10.86178479777828	28.615837091258815	54.60636802735627	55.88985103654627	84.44734799102372	1.0	1.0	1.0	1911.0328	0.0	2.0635	0.0	4308347.0	0.0	13.0	7.4864	-0.6877	160.8994	346.3145	327.0	398611.02363563434	67.0	674.0	196.3433	-0.7369	97.1819	627.4409	624.0	546862.3494502113	437.0	827.0	119.2027	-0.4391	72.1561	946.3873	965.0	471966.6281746422	771.0	1061.0	88.8435	0.1950885533473467	0.5356992174889543	0.5426443176526747	0.6110228945462078
sub-ts002_ses-cfmri2_acq-mprage_T1w	0.547995	1.9726217585000025	0.6755	12959.4872	3.939016607970745	3.895912441946381	4.105024938830361	3.8161124431354936	0.270593715268081	0.38195335601933383	0.3474529287125851	0.4391404837369919	0.07076140791177743	0.0	0.0013059779728006333	7.492996482955667	7.425883843798711	7.502555136884896	204	320	320	1.833009976307951	6.617488875177562	6.989612535747564	12.518338755757178	18.796652221068417	35.426398153917155	34.25055753240259	48.52862222222221	0.800000011920929	0.800000011920929	0.800000011920929	952.0749	0.0	1.7321	0.0	8095339.0	0.0	10.0	13.0005	-0.6619	178.215	390.7916	373.0	745946.2369841312	100.0	731.0	203.4903	-0.4305	81.1561	709.1988	703.0	1052931.5817398466	542.0	905.0	106.2336	0.1021	61.3226	950.2987	963.0	957824.184665538	800.0	1055.0	76.9271	0.1832864273815595	0.5210167127000354	0.5412518891848496	0.6460580230045527
sub-ts002_ses-sdsu1_acq-mprage_T1w	0.4997413907284768	2.169180043994203	0.5061	14288.3255	3.7801600000000004	3.7515	3.97995	3.60903	0.2775714801058641	0.38334902644131513	0.33907949345282085	0.5128888785839081	0.13259004503488536	0.0	0.0025048284594032058	8.01166208578289	7.960969220368743	8.066317736520736	176	256	256	1.9911563323194093	5.787336641923488	6.801121636360892	12.624871934839778	36.32685771680953	60.39452771777267	61.44617372280851	87.61713573384334	1.0	1.0	1.0	2570.2001	0.0	3.498	0.0	4446711.0	0.0	14.0	7.2679	0.9125	148.5565	410.5422	403.0	393964.97403277835	95.0	731.0	202.3947	-0.2359	88.9895	673.9587	670.0	544098.0074388159	488.0	875.0	115.7699	0.0219	61.9324	958.651	972.0	481265.0196707512	808.0	1061.0	76.9908	0.20253124776333367	0.5329426874710216	0.5382161585259245	0.49570935190621085
sub-ts002_ses-sdsu2_acq-mprage_T1w	0.4713981012658228	2.2135324112876833	0.5433	10433.7431	3.7764366666666667	3.8313	3.93569	3.56232	0.2855504137660323	0.3807685366921268	0.3336810495418409	0.5065221190452576	0.14438416063785553	0.0	0.0018756583354688284	7.869185841408238	7.818458605940376	7.917344022459983	176	256	256	1.8275920168215845	5.527308212901868	6.614303865802832	12.488011367685042	28.2366037889884	51.832651523519104	52.252136816577426	76.68715513722476	1.0	1.0	1.0	11587.2777	0.0	2.9578	0.0	3901869.0	0.0	14.0	8.3294	-0.5853	156.454	375.2187	359.0	413023.2598606527	84.0	698.0	196.4331	-0.6098	88.5117	664.3373	659.0	550747.800371986	471.0	873.0	119.2261	-0.0516	60.4501	959.9652	975.0	482639.9409402266	804.0	1062.0	78.0748	0.1883954766039299	0.5278481828388492	0.5359151868224609	0.4885532643183479
sub-ts003_ses-cfmri1_acq-fspgr_T1w	0.5254561128526646	1.9831402553295172	0.5678	-1.0	3.9606133333333333	3.77137	4.35859	3.75188	0.27231862367336457	0.3851633379700839	0.3425180383565515	0.5994511246681213	0.22292615473270416	0.0	0.0011938736243600526	6.927418570883642	6.8591883901677635	6.9774261966281825	172	256	256	1.917919361010211	4.9667150644184055	5.621530840646204	9.979958096509995	43.438886272694205	69.32889579681867	72.21759978835279	103.8850172955455	1.0	1.0	1.0	115.5313	0.0	1.9056	0.0	4450235.0	0.0	11.0	6.0478	-0.6856	163.6049	398.1725	401.0	434886.3066142326	78.0	722.0	209.0805	-0.7123	95.304	646.0039	640.0	615096.6071785511	444.0	881.0	128.8577	-0.1291	72.3165	936.8117	959.0	546993.0871430228	744.0	1059.0	96.0925	0.20885477219682913	0.5276558949908903	0.5310740641144958	0.6476798565739892
sub-ts003_ses-cfmri1_acq-mprage_T1w	0.5749457831325301	1.7941845269986183	0.705	-1.0	3.6007166130118082	3.5793249466639017	3.760162443969213	3.4626624484023085	0.2598408960734772	0.3839385441019032	0.35622055982461953	0.4420480728149414	0.07812781631946564	0.0	0.0016038262987545094	6.689839964718603	6.614674655833778	6.7100990819991955	204	320	320	2.206514039384543	6.424770763693299	6.87100826190418	11.981739982634696	9.632260291875406	14.752677527643597	14.78765305521032	19.978021346111955	0.800000011920929	0.800000011920929	0.800000011920929	647.6761	0.0	3.3051	0.0	6926770.0	0.0	16.0	31.2188	1.2951	151.9649	458.9359	459.0	798058.4390046967	135.0	779.0	208.0203	0.5412	80.0763	711.5337	703.0	1179203.8890331418	543.0	917.0	109.4202	0.704	63.0852	940.5996	952.0	1094072.6737434957	788.0	1052.0	79.4542	0.213816822659803	0.5227042461185537	0.5327715514139194	0.6430609626407632
sub-ts003_ses-sdsu1_acq-mprage_T1w	0.47419161073825505	2.1016220544240536	0.5375	13514.0625	3.575316666666667	3.66873	3.72393	3.33329	0.2639265062552208	0.3875736205914581	0.34849987315332104	0.4926399886608124	0.14168432354927057	0.0	0.0034829464633380327	7.064232122673633	7.006523786225968	7.120117070996148	176	256	256	2.1388550986217667	5.788983705557041	6.642508843043789	11.99968772495256	45.873971257338546	67.40869575587084	70.17983084637964	97.25682552592954	1.0	1.0	1.0	9415.0507	0.0	2.6881	0.0	4066373.0	0.0	13.0	6.5408	2.509	158.9408	450.6234	458.0	423159.96589566185	100.0	768.0	214.133	-0.2852	81.2539	682.1168	673.0	621406.4756078109	500.0	901.0	116.2552	0.1227	60.0552	955.924	971.0	558758.5594589541	795.0	1062.0	80.9187	0.22470916224292264	0.5304536022784038	0.5280505797492003	0.48376922373598763
sub-ts004_ses-cfmri1_acq-fspgr_T1w	0.5508958990536278	1.695398853777354	0.634	13204.9405	4.09345	3.83426	4.53965	3.90644	0.2776862181845176	0.37576774567538207	0.3465460361401003	0.6605278849601746	0.3016545504331585	0.0	0.002226910979847442	5.552214089746564	5.472197487788433	5.59033092715069	172	256	256	1.744605628800164	4.048020291332686	5.30826076317006	10.13215636937733	6.2421804188365515	11.888092857366328	11.975048604494399	17.79487253728032	1.0	1.0	1.0	462.2416	0.0	5.2202	0.0	3426065.0	0.0	18.0	35.1593	-0.8508	155.6804	356.3849	335.0	551393.1931717319	86.0	678.0	192.0203	-0.5692	101.0863	638.5094	638.0	746150.7399737579	371.0	927.0	157.6078	-0.4435	73.5477	934.583	955.0	688126.0679682884	746.0	1057.0	94.2543	0.2243500634709245	0.5322449970504887	0.5535580922175694	0.5725734091562614
sub-ts004_ses-cfmri1_acq-mprage_T1w	0.6041893004115225	1.492750145396206	0.7255	13937.0337	4.057524939538167	4.064074939440564	4.2013249373953805	3.9071749417785564	0.27206816960074387	0.36850779009347995	0.3594240403057762	0.47404277324676514	0.1095951199531554	0.0	0.001301671404314394	5.253461020274473	5.156652824113344	5.23454667874602	204	320	320	1.9106190014681135	5.446400388688907	6.4537227280302	12.004148793933577	4.15494960181615	8.40432987640085	7.9439803466541745	11.272661561745522	0.800000011920929	0.800000011920929	0.800000011920929	121.1089	0.0	6.668	0.0	6675234.0	0.0	10.0	55.502	-0.9027	163.1217	381.7312	352.0	1065021.4618232823	135.0	710.0	184.2334	-0.2421	82.4091	720.4451	712.0	1442538.1178348335	507.0	962.0	130.7285	-0.2878	64.4089	942.1219	955.0	1406979.4249824714	787.0	1052.0	79.5558	0.20118775341661774	0.5094512333615112	0.544719880534607	0.6347842481489507
sub-ts004_ses-cfmri2_acq-fspgr_T1w	0.5413658307210031	1.6690176135806403	0.6256	11354.3862	4.0016766666666665	3.78992	4.37095	3.84416	0.279576527936427	0.37548012064159614	0.3449433514219768	0.6790652871131897	0.3649022102355952	0.0	0.0022193055613419547	5.4501373899609895	5.367558322080789	5.485429712413221	172	256	256	1.712054775815247	3.9570764841995256	5.165161331115586	9.826352733331985	5.804284878791172	11.305892325252744	11.365240841395803	16.985545320143494	1.0	1.0	1.0	430.9386	0.0	5.844	0.0	3461215.0	0.0	20.0	36.796	-0.8207	155.3477	349.6206	326.0	565380.6232088691	83.0	672.0	190.4143	-0.2328	99.2559	634.781	635.0	759324.0612071678	359.0	930.0	160.4719	-0.3012	73.4398	931.7019	954.0	697570.3162143133	735.0	1054.0	97.0858	0.220745089026503	0.5307711872349004	0.551245027590443	0.5307005410309317
sub-ts004_ses-cfmri2_acq-mprage_T1w	0.618504132231405	1.4597271950552901	0.7215	11808.0257	4.058316606193037	4.044562439731323	4.230399936962129	3.8999874418856586	0.2730785818395114	0.3670181331406916	0.35990328501979707	0.48274728655815125	0.11110223531723018	0.0	0.0007914626775679867	5.26181540281384	5.162963628386752	5.2435042625511725	204	320	320	1.9166004868798976	5.307273799591778	6.374817627944402	11.900578597361532	4.294952982803451	8.638299802032856	8.1664598968798	11.566126905803095	0.800000011920929	0.800000011920929	0.800000011920929	122.9568	0.0	6.7922	0.0	6415557.0	0.0	12.0	54.1504	-0.9027	163.139	384.8639	355.0	1066717.853827212	137.0	713.0	185.2237	-0.1384	84.1088	721.6603	714.0	1433670.8234759923	502.0	967.0	134.5323	-0.24	65.5692	943.6639	956.0	1405878.3270205671	789.0	1055.0	80.3322	0.20068450935003523	0.5080947799282031	0.5419489227386663	0.6379814582695827
sub-ts004_ses-sdsu1_acq-mprage_T1w	0.5157114864864865	1.5620544205373765	0.646	-1.0	3.82129	3.93695	3.94258	3.58434	0.27704402398444633	0.37460043390431735	0.34835554211123637	0.5219024121761322	0.16496294587850568	0.0	0.0013549568475217147	5.551882325777757	5.4710802876138285	5.574655862594199	176	256	256	1.8048133380552505	4.59892212512883	5.9315342450586614	11.390867271991906	2.677323210857919	5.140460564847205	5.074164942483104	7.404711051744188	1.0	1.0	1.0	199.2317	0.0	8.8721	0.0	2762351.0	0.0	14.0	85.6444	-0.9113	159.5069	374.0833	350.0	564428.4394467827	104.0	699.0	193.9257	-0.0569	89.224	677.5997	672.0	763182.454845414	433.0	953.0	146.1211	-0.1736	63.4266	949.2292	968.0	709713.1068870188	777.0	1057.0	84.9803	0.22084073043702065	0.5279000442441354	0.5493592621868628	0.4634060017905137
sub-ts004_ses-sdsu2_acq-mprage_T1w	0.5171300675675675	1.5615518402243094	0.646	-1.0	3.82129	3.93695	3.94258	3.58434	0.2753176577418933	0.3753678831834543	0.34931445907465236	0.5219024121761322	0.16496294587850568	0.0	0.002097134217921895	5.55242048140401	5.471567582255321	5.574737637832933	176	256	256	1.804369415750681	4.601655642806445	5.920058846434366	11.354151480745974	2.6693651527127065	5.139866425853692	5.071028929078866	7.4038552086702	1.0	1.0	1.0	199.2316	0.0	8.873	0.0	2762349.0	0.0	14.0	85.6543	-0.9289	158.7943	372.746	349.0	560911.2720202281	103.0	698.0	193.4192	-0.0957	89.4669	676.8433	672.0	764745.9976190769	432.0	952.0	146.0343	-0.1722	63.6036	949.0795	968.0	711666.7313736452	776.0	1057.0	85.2551	0.22372684409445365	0.5301161190421448	0.5512940221432884	0.46335129463198754
sub-ts005_ses-cfmri1_acq-fspgr_T1w	0.5207265060240964	2.106331794680432	0.5692	-1.0	4.077573333333333	3.79749	4.59416	3.84107	0.2662724660349442	0.3886375062546804	0.34509002771037534	0.6119197607040405	0.22557960152626033	0.0	0.0019236719786747103	7.398478584444502	7.334742000719701	7.446872687426572	172	256	256	1.840475382688942	5.217218691302776	5.482878588054763	9.390941690172568	39.03483714568693	64.47442758100269	67.39259922338034	98.6685329434514	1.0	1.0	1.0	619.4468	0.0	2.0909	0.0	4034731.0	0.0	13.0	6.3609	-0.9834	159.0436	380.0781	379.0	399019.1426158022	70.0	703.0	205.9248	-0.7047	94.596	631.2924	626.0	582387.6829748328	443.0	838.0	119.9872	-0.4743	78.2852	933.6304	958.0	517130.17508985207	730.0	1062.0	102.0131	0.21993014898993055	0.541919641616685	0.5409943090739483	0.6407277505986607
sub-ts005_ses-cfmri1_acq-mprage_T1w	0.5387357692307693	1.9792138666502888	0.7023	-1.0	3.743629110882246	3.703237444817462	3.9291874414505443	3.598462446378731	0.25673362223481444	0.38953058868603574	0.35373578907914976	0.3940429985523224	0.0638120174407959	0.0	0.0013307390667579406	7.087600015928534	7.0185691170157245	7.107964837757057	204	320	320	2.080666921313352	6.818780983287394	6.880623997609809	11.74242408822868	49.02996634787501	78.17990078248862	78.14267225830649	107.21814964455582	0.800000011920929	0.800000011920929	0.800000011920929	331.6583	0.0	1.3224	0.0	7762336.0	0.0	9.0	5.8659	-0.0192	155.2499	441.9054	439.0	745739.5442079986	110.0	768.0	210.9899	0.3386	77.0124	706.2703	700.0	1131477.6815485053	545.0	894.0	102.6576	0.4252	63.0589	944.6355	960.0	1027503.7753982574	783.0	1052.0	81.7548	0.2130822809127998	0.5285519516295135	0.5337721815676639	0.7166332792746003
sub-ts005_ses-cfmri2_acq-fspgr_T1w	0.49167683284457475	2.251208932395977	0.5744	-1.0	4.07436	3.85039	4.50515	3.86754	0.2675230471979748	0.3897543996726846	0.34272255312934063	0.5900918543338776	0.2365405485033989	0.0	0.0008230530102804589	7.440820310389615	7.386323144220974	7.499039365049603	172	256	256	1.8563238561536226	5.4345966107491	5.6390024629095885	9.626086921826044	49.651238949289734	80.45580342829933	84.96167502579159	124.77798269978572	1.0	1.0	1.0	40.2617	0.0	1.6249	0.0	4317177.0	0.0	10.0	5.0404	-1.0045	159.9272	381.3366	382.0	398602.9199811758	69.0	701.0	205.7828	-0.6084	89.7856	624.3085	619.0	580724.7017116752	444.0	820.0	113.8998	-0.1707	77.8762	936.143	960.0	510648.37908960914	738.0	1061.0	99.7289	0.21637331410250915	0.5307707612441702	0.5329457121286447	0.6678880781828272
sub-ts005_ses-cfmri2_acq-mprage_T1w	0.5723329166666667	1.806901378590666	0.694	-1.0	3.589466613179446	3.5410749472338714	3.7830874436276045	3.444237448676862	0.25356278382067043	0.38826937884110074	0.35816783733822877	0.39332038164138794	0.06550469249486923	0.0	0.0013649615971042933	7.111254559303562	7.031025847541143	7.119875665255841	204	320	320	2.1647334693641285	6.877377570994658	6.894880588395822	11.642530724828681	29.939097673149625	45.64276084499356	45.51508878668589	60.96340784191448	0.800000011920929	0.800000011920929	0.800000011920929	1495.8828	0.0	1.7414	0.0	7057940.0	0.0	9.0	10.2628	0.4845	155.8863	468.1244	469.0	733695.5790650253	121.0	801.0	216.6547	0.4181	75.2339	723.3342	715.0	1123475.3083619378	563.0	920.0	103.964	0.3752	62.126	941.233	955.0	1036375.1133296922	780.0	1052.0	82.0268	0.21551132031953774	0.5289167052218458	0.531941687274433	0.7210438150331371
sub-ts005_ses-sdsu1_acq-mprage_T1w	0.4795114093959732	2.106920669408914	0.5186	-1.0	3.60595	3.68707	3.7583	3.37248	0.26244936658538126	0.38897517829831935	0.3485754551162994	0.5069294273853302	0.14557382464408863	0.0	0.0032063607786572807	7.60934844400801	7.550307551148628	7.659030614858999	176	256	256	2.0923233228964335	6.082203845008275	6.435732698961729	11.132670928980477	28.959318354361375	43.76363356690486	45.27869506526457	63.113133274527485	1.0	1.0	1.0	9628.0957	0.0	2.4085	0.0	4248885.0	0.0	11.0	10.0897	3.886	150.5985	444.2572	446.0	391418.0352863694	97.0	762.0	213.1599	-0.6047	80.7557	679.6687	674.0	580119.1370570981	504.0	879.0	110.815	0.3464	62.1387	953.4759	972.0	519866.82827937807	777.0	1064.0	87.3105	0.22453724226754088	0.5395185861933259	0.5372121653853371	0.5459541687057227
sub-ts005_ses-sdsu2_acq-mprage_T1w	0.4626425806451613	2.17744443372872	0.5106	-1.0	3.60355	3.69019	3.74527	3.37519	0.2656597021466843	0.38838907334612927	0.34595122450718646	0.5046721994876862	0.13491007685661316	0.0	0.0028235645445802903	7.516833295548809	7.459520836632423	7.568646667159461	176	256	256	2.043202299716639	5.892699611489345	6.344919741995124	11.098857314779387	48.76602621993067	76.20412135076636	78.97098808664896	111.94281668924982	1.0	1.0	1.0	5235.7468	0.0	2.385	0.0	4446360.0	0.0	11.0	5.6827	-0.1535	147.2935	424.3004	423.0	401134.4614022317	91.0	737.0	207.0277	-0.5633	80.4914	667.5142	661.0	586450.4119077435	489.0	868.0	112.1726	0.1739	62.9278	951.2346	971.0	522371.12739631534	773.0	1060.0	87.4864	0.22131897681120904	0.53540785066932	0.5328059947446285	0.5629107999945757
sub-ts007_ses-cfmri1_acq-fspgr_T1w	0.5516487341772152	1.5461897644980207	0.5751	-1.0	3.8324866666666666	3.53758	4.33864	3.62124	0.27698635651030407	0.3737647109047425	0.34924893258495343	0.6760177612304688	0.2797091126441955	0.0	0.002239528346766077	6.699435734418479	6.599224649544177	6.726687403655058	172	256	256	1.7811959056898456	3.639739145544529	4.827335743660259	9.061072179746402	26.522232780285886	47.4569165197812	48.3260908150153	70.9991231449788	1.0	1.0	1.0	2399.6666	0.0	2.2698	0.0	4075267.0	0.0	14.0	8.7937	-0.9564	168.4938	366.261	356.0	456748.5632536628	80.0	688.0	199.8655	2.1028	98.9737	642.9376	637.0	616335.3922968801	352.0	966.0	175.0124	-0.0114	75.3473	928.4066	953.0	575909.0454338627	715.0	1061.0	105.1751	0.21823657845590153	0.5269997434355421	0.5289888546740101	0.5559878205204964
sub-ts007_ses-cfmri1_acq-mprage_T1w	0.5779408	1.5771093393375684	0.7008	-1.0	3.855949942541868	3.8190499430917213	4.047299939690531	3.7014999448433525	0.2721148648129146	0.37095996319357405	0.35692517199351137	0.42078107595443726	0.09143229424953453	0.0	0.001384467080826744	6.4275744542989575	6.325423772207021	6.415878180507782	204	320	320	1.9793374554062453	5.229270811060927	6.305048703968269	11.706537845437634	42.953162526251084	79.30675060185422	76.51032074988474	107.27104912154894	0.800000011920929	0.800000011920929	0.800000011920929	300.7287	0.0	1.3257	0.0	7727597.0	0.0	9.0	5.8569	-0.8334	166.4648	408.9037	384.0	871009.7503776685	132.0	730.0	194.0042	-0.1476	82.644	721.4155	709.0	1187402.0376045597	506.0	974.0	135.5829	-0.2361	61.8412	942.8615	959.0	1142478.214761681	779.0	1050.0	81.92	0.19896152476810006	0.5064257998055915	0.516605748539332	0.6248859992831816
sub-ts007_ses-cfmri2_acq-fspgr_T1w	0.5247855384615384	1.6015443281763508	0.5794	15505.5862	3.9028466666666666	3.59685	4.42504	3.68665	0.27899962343354	0.37452698683785723	0.34647338972860264	0.6520638763904572	0.28574293851852417	0.0	0.0013395518669500285	6.716455279278466	6.621310150260012	6.753222310497262	172	256	256	1.8214740795898614	3.601413478900743	4.840506965972142	9.09863333942582	36.28864525087946	63.27769339011294	65.23195655125593	96.1295310127754	1.0	1.0	1.0	19.5839	0.0	2.5503	0.0	3961710.0	0.0	16.0	6.4812	-0.7509	166.559	366.0429	359.0	458635.2052218211	81.0	680.0	197.0929	2.2724	96.9666	631.4966	626.0	615668.4348013403	341.0	956.0	173.8205	0.3414	73.5887	924.9072	951.0	569552.3608472903	710.0	1053.0	104.5211	0.21698267062591164	0.5261038425180573	0.5272726482003205	0.5972535331308133
sub-ts007_ses-cfmri2_acq-mprage_T1w	0.5851239215686274	1.5539807894374529	0.7025	-1.0	3.877166608892382	3.8364999428316957	4.062849939458818	3.732149944386632	0.27430021699269774	0.3702529955971502	0.35544678741015207	0.44991451501846313	0.09888380765914917	0.0	0.0006724336640558532	6.378921490332004	6.275274413104157	6.366427801206787	204	320	320	1.9108276069086207	5.016696440696415	6.064727972760426	11.266659870676243	31.10961652709137	59.42951200691639	57.17519196872136	80.98644737215633	0.800000011920929	0.800000011920929	0.800000011920929	2554.9437	0.0	1.3029	0.0	7670326.0	0.0	6.0	7.7497	-0.8738	167.1118	395.6474	368.0	884618.4749711202	126.0	719.0	192.5866	-0.2542	85.2285	714.1008	703.0	1194066.282227401	490.0	974.0	140.132	-0.2849	63.9781	940.7156	958.0	1146316.2459711924	770.0	1052.0	85.0296	0.1945087340705578	0.5054060940966656	0.5166156393874161	0.6394936338342417
sub-ts007_ses-sdsu1_acq-mprage_T1w	0.4980030405405405	1.57772502342861	0.5356	18633.2763	3.5427066666666662	3.60505	3.74348	3.27959	0.27915130095629126	0.37165077835061777	0.3491979206930909	0.4640246033668518	0.095287437736988	0.0	0.0029371623374874977	6.812127766911479	6.713439600422953	6.833926458686818	176	256	256	1.9807792324603712	4.121805639189081	5.495801755168046	10.384820393854685	50.27277989194269	86.05366149870801	86.78039386109155	124.0147401926239	1.0	1.0	1.0	2113.4671	0.0	2.4244	0.0	4102539.0	0.0	12.0	5.1084	-0.8125	164.8055	404.0301	392.0	463827.1943075461	115.0	714.0	197.9017	2.9578	85.3855	681.9413	671.0	617520.8110943886	413.0	983.0	162.7926	3.8759	62.0234	944.1642	967.0	580213.9959880244	750.0	1057.0	93.1166	0.21176992212992496	0.517868094693824	0.5200730221551711	0.5106753336681691
sub-ts008_ses-cfmri1_acq-fspgr_T1w	0.5395012578616352	1.959925345045975	0.5591	-1.0	3.9713666666666665	3.72069	4.34263	3.85078	0.2743665460803076	0.38513482403594884	0.3404986298837437	0.6243721842765808	0.22298987209796906	0.0	0.0007650992427363793	8.02390951675615	7.948893885871971	8.047492667911637	172	256	256	1.6517125680914893	5.313406828538903	5.219899762571088	8.69457989108287	40.24463159066867	77.20646845943989	77.77386507803945	115.8704951840098	1.0	1.0	1.0	30.4856	0.0	1.7464	0.0	4452065.0	0.0	11.0	5.3883	-1.0006	166.6989	347.7678	331.0	380353.24556733755	64.0	680.0	200.3978	-0.6832	90.1701	636.3771	635.0	533910.8663058415	442.0	841.0	119.5089	-0.505	81.3913	923.8041	953.0	472031.88886448933	702.0	1058.0	109.6084	0.20632452428994594	0.5507661452089105	0.568605578184777	0.627335096995804
sub-ts008_ses-cfmri1_acq-mprage_T1w	0.584841935483871	1.7110358474695329	0.6847	-1.0	3.6594582788031556	3.6063999462604532	3.8049874433012687	3.566987446847745	0.2655560436689401	0.3825839294453436	0.3518600268857162	0.47506874799728394	0.08067455887794495	0.0	0.001732635370293689	7.707176922397519	7.615439674824646	7.700739969910002	204	320	320	1.967747072157431	6.25390006007177	6.187976281842552	10.342281713298453	53.7784595266224	93.54516160834318	91.32107312502546	126.63959824011081	0.800000011920929	0.800000011920929	0.800000011920929	31.7542	0.0	1.1421	0.0	7642202.0	0.0	6.0	4.9094	-0.1083	161.4766	413.0527	403.0	710809.3481237396	104.0	743.0	204.8026	0.789	77.18	706.6461	701.0	1024055.9007223623	526.0	918.0	112.09	0.6132	67.8608	930.3209	949.0	941817.752990911	748.0	1050.0	91.7592	0.20050177477430609	0.5369320044627772	0.5504303633399518	0.6474532624002792
sub-ts008_ses-cfmri2_acq-fspgr_T1w	0.544049	2.0015165763123695	0.5466	-1.0	4.37812	4.07453	4.81551	4.24432	0.2680939143180039	0.3877367221103589	0.3441693635716372	0.61659836769104	0.29244552850723254	0.0	0.0011004089267265893	8.12994822734094	8.058849461272917	8.156379581734061	172	256	256	1.8361358248625435	5.918301930607344	5.747182542311118	9.487109871463465	48.66091549128837	84.8977674528861	85.76054964244794	123.72296598316936	1.0	1.0	1.0	24.068	0.0	1.8297	0.0	4189224.0	0.0	11.0	5.0622	-1.0382	158.8335	383.2699	376.0	366821.9113024493	76.0	712.0	204.7776	-0.7121	86.3903	658.0603	656.0	530524.2599351201	477.0	847.0	110.8425	-0.6056	76.8244	930.5555	956.0	470912.8294771489	728.0	1056.0	100.7682	0.21446043427578498	0.5509583929798006	0.5654258765228153	0.642915656097633
sub-ts008_ses-cfmri2_acq-mprage_T1w	0.6127083682008367	1.6461622391548916	0.682	11088.9045	3.6227124460173776	3.5623624469166626	3.7652624438932176	3.540512447242253	0.2631185480341701	0.3827226123026725	0.3541588396631574	0.5034894943237305	0.08137950897216795	0.0	0.0008035578092725773	7.663953598748919	7.566401259230566	7.65095355414097	204	320	320	1.9728932534771813	6.3144909826814795	6.162537498933944	10.200228260643172	38.340027987637356	66.08733430631867	64.30625721153844	88.49140934065932	0.800000011920929	0.800000011920929	0.800000011920929	24.1148	0.0	1.9517	0.0	7315387.0	0.0	12.0	6.9888	-0.2504	164.8214	418.674	409.0	708154.3663746091	107.0	752.0	207.3096	-0.3679	77.9489	711.0878	705.0	1030055.4295291912	533.0	920.0	111.6479	0.0526	68.4884	925.889	944.0	953179.2059944774	745.0	1051.0	92.5469	0.2015200583676361	0.5401033793613145	0.5524818974427256	0.6232520214764347
sub-ts008_ses-sdsu1_acq-mprage_T1w	0.5037116438356164	1.9269484719454737	0.5459	11689.9891	3.610823333333333	3.6477	3.74397	3.4408	0.27101751185483164	0.38445893359655614	0.3445235545486121	0.5234282612800598	0.1484009593725204	0.0	0.0028814322271284334	8.126644900460017	8.050162681335937	8.147969281361934	176	256	256	1.9031114267600167	5.839624397381443	5.826292677539992	9.736142208478515	42.418434106982765	72.87269449148322	73.30775535411892	104.63213746389083	1.0	1.0	1.0	6067.7594	0.0	2.4556	0.0	3422736.0	0.0	12.0	6.0234	-0.8993	152.4418	395.7066	390.0	379588.2113853726	76.0	718.0	204.9273	-0.526	78.3185	673.434	670.0	538474.720531026	484.0	881.0	114.7333	-0.3043	68.7653	935.7961	962.0	482541.06886380183	730.0	1056.0	98.807	0.21201708749728185	0.5490374599496262	0.5607899845128754	0.5197964685044535
sub-ts008_ses-sdsu2_acq-mprage_T1w	0.4969768707482993	1.9781803890054135	0.5246	14164.1525	3.6071600000000004	3.63828	3.75491	3.42829	0.2705783810406337	0.38523448487315676	0.34418713408620966	0.5328760147094727	0.14922661185264585	0.0	0.0021992165286545315	8.173188826612975	8.101799219755895	8.203960387985179	176	256	256	1.9728954806907943	5.897763002254645	6.004431982278084	10.14263746388881	45.22396791044776	74.66954898236092	75.74366451831752	107.33747666214383	1.0	1.0	1.0	605.1195	0.0	2.5071	0.0	3912004.0	0.0	12.0	5.896	-0.7956	149.3385	409.9045	407.0	376598.83772648126	84.0	729.0	206.2955	-0.555	79.2514	675.5996	672.0	536180.5281612782	489.0	880.0	113.9414	-0.2975	66.8598	941.5284	966.0	479049.6349292945	744.0	1059.0	95.2414	0.21508434945997315	0.5435398968000147	0.5566289763005993	0.5284834872799133
sub-ts009_ses-cfmri1_acq-fspgr_T1w	0.5415650793650795	1.7710196165654906	0.5399	-1.0	4.239613333333334	3.96207	4.75908	3.99769	0.27679182795188023	0.37963213713683513	0.34357603491128463	0.6273612678050995	0.2317650318145752	0.0	0.0009594475304987215	7.824826770903201	7.73562269761686	7.816367074419786	172	256	256	1.3953882974287397	4.432810963893828	4.987736646530835	9.135010678269937	26.22523240476425	68.572533910818	65.74221511303607	102.42887902352594	1.0	1.0	1.0	25.2786	0.0	2.0649	0.0	4654355.0	0.0	14.0	6.0954	-0.9272	149.3112	287.0297	244.0	394529.6607263853	65.0	618.0	174.8615	-0.6199	95.3605	640.5229	638.0	541114.7409000329	406.0	912.0	143.9266	-0.4775	75.2325	923.756	953.0	489721.59868401586	709.0	1049.0	104.3238	0.19927603686580617	0.5350701638947474	0.5682437359851129	0.5180309150637592
sub-ts009_ses-cfmri1_acq-mprage_T1w	0.6089858974358975	1.5819813298781786	0.6817	-1.0	4.148945771509223	4.1261374385157605	4.354099935118855	3.966599940893055	0.2645235624824801	0.37711715777933585	0.35835927973818393	0.4206039756536484	0.07492609620094298	0.0	0.0014988506266985161	7.471408356073689	7.362138029382024	7.415625392985505	204	320	320	1.7862432812471793	5.989889823680256	6.210347968551178	10.854910800726097	30.14691566228344	71.27449596976945	65.35159200962988	94.63336439683675	0.800000011920929	0.800000011920929	0.800000011920929	403.239	0.0	1.4042	0.0	8079628.0	0.0	10.0	6.5629	-1.0139	162.252	333.2068	302.0	734121.1338032803	116.0	660.0	169.0698	-0.1092	76.5374	721.7806	714.0	1046597.4102551747	530.0	949.0	119.2008	-0.2601	65.9653	929.6137	948.0	994539.4590992124	754.0	1043.0	87.3337	0.1844062984313455	0.5233788569758616	0.5632032695838036	0.5931987387886913
sub-ts009_ses-sdsu1_acq-mprage_T1w	0.9352908629441624	0.8924538044782035	0.4574	-1.0	4.232600000000001	4.33476	4.26017	4.10287	0.26315737946823176	0.363327670793275	0.3735149497384933	1.009246826171875	1.1125684708356858	0.0	0.0025108012453156706	7.903016526467991	7.730033724176481	7.814202733110705	176	256	256	1.5580018818411776	4.138946042338045	4.473171142534047	7.722565503422916	9.987419204842357	22.184444428455148	20.053402179240994	27.98834290442548	1.0	1.0	1.0	9333.4538	0.0	7.6954	0.0	4292908.0	0.0	29.0	22.2371	-0.9718	191.063	378.9921	339.0	379417.6783902369	94.0	756.0	217.5861	10.0917	90.8538	766.7494	753.0	523842.2028136902	478.0	1076.0	181.9302	-0.0212	93.3985	946.9184	950.0	538530.119733668	733.0	1147.0	123.016	0.21583830493751288	0.5405443167091131	0.5582043497234797	0.2405841159142904
sub-ts010_ses-cfmri1_acq-fspgr_T1w	0.5421762762762763	1.8756243322007349	0.5844	-1.0	4.007463333333333	3.72366	4.50805	3.79068	0.27930693690818115	0.38185919568446	0.3388338674073589	0.691366583108902	0.2709877550601959	0.0	0.0015980958429050486	7.103674299563154	7.0215237951824925	7.125926237851546	172	256	256	1.647946522070819	4.641003631162386	4.811083442698651	8.144300174862748	11.285694842025967	22.353659236938892	22.69235104355918	34.43769905171268	1.0	1.0	1.0	548.9865	0.0	4.2026	0.0	3885735.0	0.0	23.0	18.0536	-0.8689	157.0076	333.0491	311.0	436395.86170797073	66.0	650.0	188.7195	-0.6811	95.1914	619.865	616.0	596625.9721168831	407.0	855.0	132.7298	-0.5457	85.3533	917.5787	949.0	529402.1665909707	682.0	1061.0	116.5231	0.2077021444762316	0.5393525383305579	0.5534204785705081	0.4627474747124821
sub-ts010_ses-cfmri1_acq-mprage_T1w	0.6279804166666667	1.460217959049272	0.7163	3456.9303	3.7872582768987875	3.7176749446023263	4.012299940212071	3.6317999458819634	0.26316669727274683	0.37940068372870694	0.3574326189985463	0.6036088466644287	0.13808720707893374	0.0	0.001799308378841937	6.768227386084279	6.6555699126964925	6.730253102807693	204	320	320	1.8666996655839074	5.813221250825386	5.816005723844505	9.768096255124224	4.264145585417392	8.408847316901523	7.982830904539561	11.275499811299769	0.800000011920929	0.800000011920929	0.800000011920929	303.899	0.0	5.572	0.0	6832453.0	0.0	11.0	54.8489	-1.0542	166.0244	377.0767	357.0	802586.8458016831	102.0	708.0	191.2465	-0.5312	79.5337	711.3385	704.0	1157068.889051862	517.0	940.0	121.1032	-0.1675	71.1816	923.2639	944.0	1090072.2668999576	734.0	1051.0	96.6411	0.20854596348646146	0.5386027937294946	0.5537865376565111	0.5793948552701688
sub-ts010_ses-sdsu1_acq-mprage_T1w	0.5242315960912052	1.8359016426033514	0.5869	13802.6012	3.6727600000000002	3.68964	3.8974	3.43124	0.27650658302575737	0.380540856262857	0.3429525607113856	0.5633338391780853	0.14744741022586827	0.0	0.002668787924542561	7.156248012800806	7.070817969917008	7.16783395863419	176	256	256	1.8011422491137992	5.17357322609861	5.266830278969622	8.82577536169646	11.06001377883602	20.777482532495412	20.809447890237713	30.59084735938171	1.0	1.0	1.0	2852.3333	0.0	3.6474	0.0	4122088.0	0.0	14.0	20.4952	-0.9183	156.3151	362.9636	346.0	439274.94838740333	73.0	678.0	192.1001	-0.5695	84.6446	655.8854	650.0	604550.0369826391	454.0	890.0	125.6384	-0.1814	76.2945	928.5547	957.0	544835.0153449627	705.0	1062.0	108.4323	0.20926978549460543	0.5424956687467871	0.5566765042051435	0.46919753199974523
